Alanine;Ala;A;Hydrofoob;Klein;Neutraal;H
Arginine;Arg;R;Hydrofiel;Groot;+;N
Asparagine;Asn;N;Hydrofiel;Middel;Neutraal;T
Asparaginezuur;Asp;D;Hydrofiel;Middel;-;H T
Cysteine;Cys;C;Hydrofoob;Klein Middel;Neutraal;S T
Fenylalanine;Phe;F;Hydrofoob;Groot;Neutraal;S
Glutamine;Gln;Q;Hydrofiel;Groot;Neutraal;N
Glutaminezuur;Glu;E;Hydrofiel;Groot;-;H S
Glycine;Gly;G;Tussenin;Klein;Neutraal;T
Histidine;His;H;Hydrofiel;Groot;Neutraal;N
Isoleucine;Ile;I;Hydrofoob;Middel;Neutraal;S
Leucine;Leu;L;Hydrofoob;Middel;Neutraal;H S
Lysine;Lys;K;Hydrofiel;Groot;+;H T
Methionine;Met;M;Hydrofoob;Groot;H
Proline;Pro;P;Hydrofoob;Klein;Neutraal;T
Serine;Ser;S;Tussenin;Klein;Neutraal;T
Threonine;Thr;T;Tussenin;Klein;Neutraal;S
Tryptofaan;Trp;W;Hydrofoob;Groot;Neutraal;S
Tyrosine;Tyr;Y;Hydrofoob;Groot;Neutraal;S
Valine;Val;V;Hydrofoob;Klein;Neutraal;S
Wat is de volledige naam van aminozuur @@?;Wat is de 3-lettercode van Aminozuur @@?;Wat is de 1-lettercode van aminozuur @@?;Wat is de hydrofobiciteit van aminozuur @@?;Wat is de grootte van aminozuur @@?;Wat is de lading van aminozuur @@?;Wat is de 3D preferentie van aminozuur @@?;Welk aminozuur is @@?;Welk aminozuur is @@?; Welke aminozuur is @@ bij pH 7,4?; Welk aminozuur @@?